filename,label,confidence,source
39d30b68.jpg,Naeimi,1.0,train
4a9853bd.jpg,Goat,1.0,train
d88facaa.jpg,Roman,1.0,train
a3f4f4af.jpg,Roman,1.0,train
16b31730.jpg,Naeimi,1.0,train
967f4597.jpg,Harri,1.0,train
2bd5c0e7.jpg,Naeimi,1.0,train
7dce138c.jpg,Roman,1.0,train
8939e4f2.jpg,Roman,1.0,train
64423da9.jpg,Naeimi,1.0,train
1618215a.jpg,Naeimi,1.0,train
3b60c63f.jpg,Roman,1.0,train
5b1c11e5.jpg,Naeimi,1.0,train
f342c91f.jpg,Goat,1.0,train
123dd1a7.jpg,Sawakni,1.0,train
e8e9810d.jpg,Roman,1.0,train
9db2308b.jpg,Naeimi,1.0,train
4e2af711.jpg,Naeimi,1.0,train
a9ea00d6.jpg,Naeimi,1.0,train
d38a0ad2.jpg,Roman,1.0,train
85eff910.jpg,Goat,1.0,train
fd69bce2.jpg,Barbari,1.0,train
3cea5a50.jpg,Naeimi,1.0,train
76063c1c.jpg,Sawakni,1.0,train
d3d7eadb.jpg,Naeimi,1.0,train
867224e9.jpg,Goat,1.0,train
91f0ec2e.jpg,Naeimi,1.0,train
b4fa6996.jpg,Naeimi,1.0,train
ade0c938.jpg,Naeimi,1.0,train
af44adcf.jpg,Harri,1.0,train
14a8fc0f.jpg,Naeimi,1.0,train
5dc00bc6.jpg,Goat,1.0,train
b5e14858.jpg,Naeimi,1.0,train
0dbf646e.jpg,Goat,1.0,train
df741738.jpg,Naeimi,1.0,train
c867347f.jpg,Roman,1.0,train
3207363b.jpg,Sawakni,1.0,train
6820ecd5.jpg,Goat,1.0,train
94c8adc1.jpg,Barbari,1.0,train
aaa7feec.jpg,Goat,1.0,train
455069ac.jpg,Sawakni,1.0,train
3cab752c.jpg,Naeimi,1.0,train
fce9c42a.jpg,Naeimi,1.0,train
5e433d3c.jpg,Naeimi,1.0,train
1de9519e.jpg,Goat,1.0,train
862a492b.jpg,Naeimi,1.0,train
f30a0264.jpg,Naeimi,1.0,train
975f573e.jpg,Harri,1.0,train
f0176536.jpg,Roman,1.0,train
bb7539da.jpg,Goat,1.0,train
324b37a7.jpg,Sawakni,1.0,train
c2f372e0.jpg,Sawakni,1.0,train
21dfb4da.jpg,Roman,1.0,train
ee9363c7.jpg,Naeimi,1.0,train
31d53064.jpg,Sawakni,1.0,train
2115d497.jpg,Goat,1.0,train
f13f156c.jpg,Naeimi,1.0,train
9e32a296.jpg,Naeimi,1.0,train
f1f85086.jpg,Goat,1.0,train
383891a2.jpg,Harri,1.0,train
a3ee9c40.jpg,Naeimi,1.0,train
167e7be3.jpg,Sawakni,1.0,train
232190f8.jpg,Barbari,1.0,train
795a8963.jpg,Naeimi,1.0,train
b5778998.jpg,Sawakni,1.0,train
fc2eef37.jpg,Najdi,1.0,train
3d19e0f2.jpg,Goat,1.0,train
92df4586.jpg,Roman,1.0,train
b8f4ec84.jpg,Naeimi,1.0,train
8a474ca9.jpg,Goat,1.0,train
44386b20.jpg,Goat,1.0,train
76ac4791.jpg,Harri,1.0,train
b5e9597c.jpg,Harri,1.0,train
9348e005.jpg,Naeimi,1.0,train
3930833a.jpg,Harri,1.0,train
8cca902c.jpg,Naeimi,1.0,train
a3e59b7c.jpg,Naeimi,1.0,train
62375284.jpg,Naeimi,1.0,train
6800aedd.jpg,Barbari,1.0,train
cc4048ca.jpg,Harri,1.0,train
6b9a6c3e.jpg,Roman,1.0,train
a3467c99.jpg,Harri,1.0,train
59ec558d.jpg,Naeimi,1.0,train
962ac6a8.jpg,Harri,1.0,train
0a1669ea.jpg,Naeimi,1.0,train
3c08692a.jpg,Harri,1.0,train
e4a84c43.jpg,Najdi,1.0,train
9ba755ee.jpg,Naeimi,1.0,train
6e003b4f.jpg,Naeimi,1.0,train
d653b9a9.jpg,Naeimi,1.0,train
1ab851c8.jpg,Harri,1.0,train
f17fd6a0.jpg,Harri,1.0,train
068d9eb6.jpg,Naeimi,1.0,train
e4a3dbaf.jpg,Goat,1.0,train
f3de7c29.jpg,Harri,1.0,train
7924c265.jpg,Sawakni,1.0,train
2bd6bc38.jpg,Naeimi,1.0,train
4223e6ee.jpg,Naeimi,1.0,train
66189c6c.jpg,Sawakni,1.0,train
c075a8bd.jpg,Naeimi,1.0,train
c2f542b9.jpg,Naeimi,1.0,train
490665b7.jpg,Naeimi,1.0,train
17d1d436.jpg,Sawakni,1.0,train
c2813445.jpg,Goat,1.0,train
5cb45ef7.jpg,Naeimi,1.0,train
0f3995ec.jpg,Naeimi,1.0,train
a28c4247.jpg,Roman,1.0,train
bca6518e.jpg,Naeimi,1.0,train
9b2186f7.jpg,Naeimi,1.0,train
de6a85cb.jpg,Naeimi,1.0,train
18bcebc3.jpg,Sawakni,1.0,train
f7274f6a.jpg,Naeimi,1.0,train
f8e5abb3.jpg,Najdi,1.0,train
88ecb580.jpg,Naeimi,1.0,train
3f71dd8e.jpg,Najdi,1.0,train
6dff7534.jpg,Barbari,1.0,train
946df06f.jpg,Goat,1.0,train
5fb0be2a.jpg,Barbari,1.0,train
a4239283.jpg,Naeimi,1.0,train
16bf3751.jpg,Najdi,1.0,train
e6ad6903.jpg,Roman,1.0,train
c00da078.jpg,Naeimi,1.0,train
0b87cbe7.jpg,Sawakni,1.0,train
9ed08b0c.jpg,Roman,1.0,train
746e1f69.jpg,Sawakni,1.0,train
5e1e293a.jpg,Roman,1.0,train
8f2fa27b.jpg,Naeimi,1.0,train
8d8db351.jpg,Naeimi,1.0,train
807e8ed1.jpg,Naeimi,1.0,train
3fa5b96f.jpg,Naeimi,1.0,train
4bd6dad4.jpg,Naeimi,1.0,train
5c8bcb01.jpg,Barbari,1.0,train
1f89c0d3.jpg,Barbari,1.0,train
decbce94.jpg,Goat,1.0,train
71ce7006.jpg,Naeimi,1.0,train
525be6ed.jpg,Naeimi,1.0,train
cc916a6a.jpg,Naeimi,1.0,train
999b7e35.jpg,Harri,1.0,train
53e2cfdd.jpg,Barbari,1.0,train
a0806843.jpg,Sawakni,1.0,train
4b0ec2bc.jpg,Naeimi,1.0,train
bb743f01.jpg,Harri,1.0,train
ed2dafad.jpg,Goat,1.0,train
e89a6def.jpg,Harri,1.0,train
8f83a215.jpg,Najdi,1.0,train
0202ce12.jpg,Sawakni,1.0,train
f5e6b5e8.jpg,Naeimi,1.0,train
c0060534.jpg,Sawakni,1.0,train
0648a8a8.jpg,Najdi,1.0,train
308f6135.jpg,Naeimi,1.0,train
d7c9fed2.jpg,Naeimi,1.0,train
5f2fee5a.jpg,Naeimi,1.0,train
c3b7ca59.jpg,Naeimi,1.0,train
3b688d90.jpg,Barbari,1.0,train
a6772e51.jpg,Naeimi,1.0,train
9219fc8f.jpg,Harri,1.0,train
754c47e5.jpg,Naeimi,1.0,train
aaa42753.jpg,Harri,1.0,train
15c0a28b.jpg,Barbari,1.0,train
d7f837c6.jpg,Barbari,1.0,train
2aa6d06f.jpg,Sawakni,1.0,train
6eea2d24.jpg,Roman,1.0,train
3ca9a350.jpg,Sawakni,1.0,train
00877b25.jpg,Sawakni,1.0,train
c44bf432.jpg,Goat,1.0,train
c3e9451a.jpg,Roman,1.0,train
82e461b6.jpg,Harri,1.0,train
2e83cb69.jpg,Sawakni,1.0,train
e56d7bf0.jpg,Naeimi,1.0,train
cf55c748.jpg,Sawakni,1.0,train
ff0cd8fa.jpg,Goat,1.0,train
5ef3b348.jpg,Roman,1.0,train
de0e3434.jpg,Naeimi,1.0,train
d9e9cee8.jpg,Naeimi,1.0,train
c90206bc.jpg,Goat,1.0,train
8f118a24.jpg,Roman,1.0,train
8f5da41f.jpg,Naeimi,1.0,train
ab95f278.jpg,Goat,1.0,train
1c52a11e.jpg,Naeimi,1.0,train
6aa711fb.jpg,Harri,1.0,train
35f98218.jpg,Roman,1.0,train
6b185724.jpg,Najdi,1.0,train
c4cd0238.jpg,Naeimi,1.0,train
b3c4d241.jpg,Naeimi,1.0,train
59859728.jpg,Barbari,1.0,train
bf1e56cb.jpg,Naeimi,1.0,train
6d1ceec0.jpg,Najdi,1.0,train
e5216dc1.jpg,Sawakni,1.0,train
82ed4c93.jpg,Naeimi,1.0,train
e3ff7b54.jpg,Naeimi,1.0,train
a28afbc8.jpg,Goat,1.0,train
184acaca.jpg,Sawakni,1.0,train
8cb58773.jpg,Sawakni,1.0,train
e373957a.jpg,Naeimi,1.0,train
d909052e.jpg,Sawakni,1.0,train
98a7cc8b.jpg,Naeimi,1.0,train
e144e49e.jpg,Barbari,1.0,train
0510ee8a.jpg,Sawakni,1.0,train
496f4f17.jpg,Harri,1.0,train
29a1ad5d.jpg,Barbari,1.0,train
c2387009.jpg,Najdi,1.0,train
7b8a64d6.jpg,Naeimi,1.0,train
e5ab9814.jpg,Naeimi,1.0,train
9d91a907.jpg,Naeimi,1.0,train
356ae1d3.jpg,Harri,1.0,train
2ed4e258.jpg,Goat,1.0,train
47c59db1.jpg,Najdi,1.0,train
b22e268b.jpg,Harri,1.0,train
710d22dc.jpg,Harri,1.0,train
1c9c8931.jpg,Najdi,1.0,train
c0b7cd29.jpg,Roman,1.0,train
6061ac1c.jpg,Naeimi,1.0,train
3248a324.jpg,Sawakni,1.0,train
bef82488.jpg,Naeimi,1.0,train
cb8dac3e.jpg,Goat,1.0,train
469f406e.jpg,Naeimi,1.0,train
255ce5e1.jpg,Najdi,1.0,train
42734e88.jpg,Harri,1.0,train
03dde713.jpg,Roman,1.0,train
a347f5a9.jpg,Najdi,1.0,train
24d9b7ac.jpg,Najdi,1.0,train
cba98350.jpg,Harri,1.0,train
0259213b.jpg,Naeimi,1.0,train
ca4064c5.jpg,Najdi,1.0,train
7fe63ab3.jpg,Goat,1.0,train
a4d93f1c.jpg,Harri,1.0,train
cbdee4a9.jpg,Naeimi,1.0,train
8289913b.jpg,Harri,1.0,train
f7b7954a.jpg,Naeimi,1.0,train
c7000341.jpg,Goat,1.0,train
0dc6ac0c.jpg,Naeimi,1.0,train
40d2366b.jpg,Goat,1.0,train
58f975c5.jpg,Sawakni,1.0,train
c0a577f1.jpg,Sawakni,1.0,train
fd2e7fb2.jpg,Najdi,1.0,train
89ff2a0f.jpg,Roman,1.0,train
22cc0148.jpg,Naeimi,1.0,train
2f8f2979.jpg,Sawakni,1.0,train
d50556df.jpg,Naeimi,1.0,train
e66958ee.jpg,Goat,1.0,train
ac7f1179.jpg,Naeimi,1.0,train
66cecd7d.jpg,Goat,1.0,train
46beb98f.jpg,Naeimi,1.0,train
40d944d9.jpg,Naeimi,1.0,train
e0bf50f6.jpg,Barbari,1.0,train
975ba57f.jpg,Harri,1.0,train
dc44312f.jpg,Barbari,1.0,train
88d53f81.jpg,Goat,1.0,train
062d5584.jpg,Harri,1.0,train
59b68110.jpg,Najdi,1.0,train
50ea770a.jpg,Goat,1.0,train
2f3e7171.jpg,Barbari,1.0,train
7ae4922c.jpg,Najdi,1.0,train
e842fcfe.jpg,Goat,1.0,train
8ce5e8ac.jpg,Naeimi,1.0,train
9487e6c9.jpg,Sawakni,1.0,train
0fc09209.jpg,Goat,1.0,train
9d221581.jpg,Barbari,1.0,train
6ecd711c.jpg,Roman,1.0,train
1e86c28e.jpg,Roman,1.0,train
eca23ad5.jpg,Najdi,1.0,train
c238564e.jpg,Roman,1.0,train
4eaf8c5a.jpg,Sawakni,1.0,train
dee6e096.jpg,Naeimi,1.0,train
df2abb2e.jpg,Najdi,1.0,train
b00f1c7d.jpg,Roman,1.0,train
c69f5891.jpg,Sawakni,1.0,train
2999aa0a.jpg,Sawakni,1.0,train
12cde184.jpg,Goat,1.0,train
5b45143f.jpg,Roman,1.0,train
49d77ef8.jpg,Roman,1.0,train
3ae7e2f9.jpg,Naeimi,1.0,train
faba21aa.jpg,Naeimi,1.0,train
c7e72600.jpg,Najdi,1.0,train
f0a0d257.jpg,Roman,1.0,train
e2dcb6a7.jpg,Roman,1.0,train
8e21798c.jpg,Goat,1.0,train
b9782640.jpg,Naeimi,1.0,train
421c2d20.jpg,Goat,1.0,train
716a932b.jpg,Najdi,1.0,train
b354dd3a.jpg,Najdi,1.0,train
6981799a.jpg,Goat,1.0,train
6e6a85ea.jpg,Roman,1.0,train
3574eca8.jpg,Sawakni,1.0,train
ca57c90c.jpg,Naeimi,1.0,train
1fbb5eca.jpg,Naeimi,1.0,train
28e66250.jpg,Naeimi,1.0,train
67b098e7.jpg,Roman,1.0,train
0d8a31ce.jpg,Naeimi,1.0,train
64043898.jpg,Naeimi,1.0,train
2c128c72.jpg,Goat,1.0,train
5b9fa9e8.jpg,Naeimi,1.0,train
925728f4.jpg,Naeimi,1.0,train
bdb8f65c.jpg,Naeimi,1.0,train
f360bb2b.jpg,Naeimi,1.0,train
9ee82948.jpg,Harri,1.0,train
a5032e43.jpg,Najdi,1.0,train
e4212e78.jpg,Najdi,1.0,train
2578ef44.jpg,Najdi,1.0,train
ee0be817.jpg,Sawakni,1.0,train
41b13048.jpg,Naeimi,1.0,train
7e44bba9.jpg,Barbari,1.0,train
467e29aa.jpg,Naeimi,1.0,train
0166d4c8.jpg,Naeimi,1.0,train
8457b20d.jpg,Naeimi,1.0,train
6779a6fa.jpg,Harri,1.0,train
3bbe229d.jpg,Goat,1.0,train
714cc9d9.jpg,Harri,1.0,train
1a4fe515.jpg,Harri,1.0,train
c962d90b.jpg,Goat,1.0,train
1c9de905.jpg,Naeimi,1.0,train
95aa09a3.jpg,Goat,1.0,train
71e78756.jpg,Naeimi,1.0,train
d552b9c1.jpg,Sawakni,1.0,train
7520082d.jpg,Goat,1.0,train
5ba65cd1.jpg,Roman,1.0,train
2652fb6f.jpg,Sawakni,1.0,train
63011fdd.jpg,Najdi,1.0,train
b3a99b06.jpg,Harri,1.0,train
f72ad319.jpg,Harri,1.0,train
e43e5d4a.jpg,Naeimi,1.0,train
6d40a2ba.jpg,Goat,1.0,train
2209d7a7.jpg,Naeimi,1.0,train
4176c6a2.jpg,Roman,1.0,train
793da2c7.jpg,Goat,1.0,train
6d8d0882.jpg,Naeimi,1.0,train
b380a863.jpg,Sawakni,1.0,train
29f0da18.jpg,Naeimi,1.0,train
f57bdd88.jpg,Naeimi,1.0,train
70e48cc0.jpg,Sawakni,1.0,train
5d62e1d4.jpg,Naeimi,1.0,train
19204d51.jpg,Najdi,1.0,train
f9cc9bcb.jpg,Naeimi,1.0,train
2f60a4ec.jpg,Naeimi,1.0,train
920a6271.jpg,Barbari,1.0,train
7dfac843.jpg,Najdi,1.0,train
a8ff659a.jpg,Goat,1.0,train
74cab5ba.jpg,Naeimi,1.0,train
45f638ee.jpg,Naeimi,1.0,train
f247a871.jpg,Roman,1.0,train
b3188da6.jpg,Naeimi,1.0,train
ff2da41d.jpg,Goat,1.0,train
9821dde6.jpg,Naeimi,1.0,train
478670ce.jpg,Goat,1.0,train
f500112a.jpg,Roman,1.0,train
7e54cd3a.jpg,Harri,1.0,train
a527d887.jpg,Naeimi,1.0,train
f6fe8218.jpg,Goat,1.0,train
a22f1a8b.jpg,Barbari,1.0,train
cdec8804.jpg,Naeimi,1.0,train
17f133e7.jpg,Naeimi,1.0,train
169c97a1.jpg,Roman,1.0,train
5d711746.jpg,Najdi,1.0,train
673ae60c.jpg,Goat,1.0,train
df240c6a.jpg,Naeimi,1.0,train
07238605.jpg,Naeimi,1.0,train
efe03ebe.jpg,Harri,1.0,train
ba517214.jpg,Goat,1.0,train
f66e084b.jpg,Najdi,1.0,train
4c65d88f.jpg,Naeimi,1.0,train
83f5f544.jpg,Goat,1.0,train
dcab7dd1.jpg,Roman,1.0,train
719c75d0.jpg,Roman,1.0,train
f6383d58.jpg,Naeimi,1.0,train
ba3e71e9.jpg,Sawakni,1.0,train
5e7ef121.jpg,Naeimi,1.0,train
413ba362.jpg,Najdi,1.0,train
a2680bb3.jpg,Barbari,1.0,train
ea4be5fa.jpg,Roman,1.0,train
b50a0b0d.jpg,Naeimi,1.0,train
272c5e4b.jpg,Goat,1.0,train
d04e7d31.jpg,Naeimi,1.0,train
7891157c.jpg,Roman,1.0,train
aed9e5ce.jpg,Roman,1.0,train
c9204f2e.jpg,Roman,1.0,train
9348a281.jpg,Naeimi,1.0,train
58d226c4.jpg,Goat,1.0,train
2104c07d.jpg,Goat,1.0,train
f217c553.jpg,Naeimi,1.0,train
90d6a70d.jpg,Sawakni,1.0,train
02e8790c.jpg,Najdi,1.0,train
e410c274.jpg,Roman,1.0,train
e80edce1.jpg,Naeimi,1.0,train
58047892.jpg,Najdi,1.0,train
9eff849e.jpg,Goat,1.0,train
351712fd.jpg,Naeimi,1.0,train
9572c62d.jpg,Naeimi,1.0,train
9550b8d2.jpg,Barbari,1.0,train
6ada6fe7.jpg,Naeimi,1.0,train
81e47770.jpg,Najdi,1.0,train
8c02a147.jpg,Harri,1.0,train
d037446e.jpg,Sawakni,1.0,train
e8b1e28e.jpg,Goat,1.0,train
df2bd455.jpg,Naeimi,1.0,train
0129a4cf.jpg,Goat,1.0,train
f98b0128.jpg,Naeimi,1.0,train
fb16b218.jpg,Naeimi,1.0,train
827c01ed.jpg,Naeimi,1.0,train
3db832e2.jpg,Naeimi,1.0,train
a337d268.jpg,Sawakni,1.0,train
e666e367.jpg,Harri,1.0,train
d755e5de.jpg,Sawakni,1.0,train
341e3e6d.jpg,Goat,1.0,train
4fd50062.jpg,Roman,1.0,train
cef0b816.jpg,Harri,1.0,train
ad7a28e1.jpg,Naeimi,1.0,train
ffe86470.jpg,Najdi,1.0,train
67f2c752.jpg,Naeimi,1.0,train
c43c3587.jpg,Barbari,1.0,train
68ffd672.jpg,Goat,1.0,train
3363f220.jpg,Harri,1.0,train
fe826e5d.jpg,Goat,1.0,train
8f908292.jpg,Roman,1.0,train
9cffbbf9.jpg,Naeimi,1.0,train
d235c1fe.jpg,Naeimi,1.0,train
5ec30c9e.jpg,Naeimi,1.0,train
a2be4170.jpg,Najdi,1.0,train
1c086cba.jpg,Sawakni,1.0,train
8a3daa8f.jpg,Naeimi,1.0,train
707d73da.jpg,Naeimi,1.0,train
1eff1208.jpg,Sawakni,1.0,train
cb09a32e.jpg,Naeimi,1.0,train
2b934ba9.jpg,Roman,1.0,train
dbd395a3.jpg,Naeimi,1.0,train
74dab1a3.jpg,Najdi,1.0,train
d6ff005a.jpg,Naeimi,1.0,train
6c6cfc1f.jpg,Roman,1.0,train
f6c9933f.jpg,Roman,1.0,train
4f0bf6cf.jpg,Naeimi,1.0,train
07515261.jpg,Najdi,1.0,train
abc1e625.jpg,Naeimi,1.0,train
46af9b12.jpg,Naeimi,1.0,train
f5416f96.jpg,Sawakni,1.0,train
8bb95f9f.jpg,Najdi,1.0,train
c70070cc.jpg,Goat,1.0,train
a40e225d.jpg,Najdi,1.0,train
eb5e1187.jpg,Naeimi,1.0,train
d82fb9b3.jpg,Naeimi,1.0,train
8ff345c1.jpg,Najdi,1.0,train
2a713940.jpg,Naeimi,1.0,train
c5ed8412.jpg,Goat,1.0,train
7d184426.jpg,Goat,1.0,train
fc05a10c.jpg,Naeimi,1.0,train
7fb477fa.jpg,Roman,1.0,train
8eda6d7f.jpg,Goat,1.0,train
04919ad9.jpg,Naeimi,1.0,train
a0ddb41f.jpg,Naeimi,1.0,train
66f7b11b.jpg,Najdi,1.0,train
8c3783d7.jpg,Barbari,1.0,train
1decc7ea.jpg,Harri,1.0,train
fed3e2b1.jpg,Sawakni,1.0,train
4b844ef8.jpg,Naeimi,1.0,train
d6042a24.jpg,Harri,1.0,train
cc8a8c83.jpg,Goat,1.0,train
58e03e24.jpg,Naeimi,1.0,train
85483766.jpg,Naeimi,1.0,train
7d83c84a.jpg,Roman,1.0,train
16ddf589.jpg,Barbari,1.0,train
9497736d.jpg,Barbari,1.0,train
2fa711f5.jpg,Najdi,1.0,train
a60e3627.jpg,Goat,1.0,train
5284a59f.jpg,Sawakni,1.0,train
df526821.jpg,Naeimi,1.0,train
0d8abcaf.jpg,Roman,1.0,train
f63340ad.jpg,Naeimi,1.0,train
0c73a2d7.jpg,Naeimi,1.0,train
a168b096.jpg,Naeimi,1.0,train
75b6dfd7.jpg,Sawakni,1.0,train
dc34059d.jpg,Naeimi,1.0,train
7152a601.jpg,Roman,1.0,train
e4781659.jpg,Naeimi,1.0,train
725c46d0.jpg,Sawakni,1.0,train
b0ae67c3.jpg,Goat,1.0,train
6ea36310.jpg,Roman,1.0,train
ca75fc7c.jpg,Najdi,1.0,train
cddb2576.jpg,Naeimi,1.0,train
f90e541c.jpg,Najdi,1.0,train
02fda512.jpg,Barbari,1.0,train
30c66a0d.jpg,Naeimi,1.0,train
00630916.jpg,Naeimi,1.0,train
bd8e7dc3.jpg,Roman,1.0,train
0c8c9952.jpg,Goat,1.0,train
095a2990.jpg,Harri,1.0,train
5ea30f75.jpg,Goat,1.0,train
0b2732d4.jpg,Najdi,1.0,train
e224badb.jpg,Naeimi,1.0,train
1a7f4326.jpg,Harri,1.0,train
b3f45973.jpg,Najdi,1.0,train
2b0abab8.jpg,Naeimi,1.0,train
efcfd379.jpg,Najdi,1.0,train
aa49f095.jpg,Harri,1.0,train
e26aff32.jpg,Barbari,1.0,train
05597cba.jpg,Sawakni,1.0,train
8d577206.jpg,Naeimi,1.0,train
69fbbd90.jpg,Naeimi,1.0,train
c288c8aa.jpg,Goat,1.0,train
f8d12ae4.jpg,Naeimi,1.0,train
51c55835.jpg,Naeimi,1.0,train
305149fa.jpg,Roman,1.0,train
e10b6980.jpg,Harri,1.0,train
3a957622.jpg,Naeimi,1.0,train
e7eeb07e.jpg,Goat,1.0,train
eefe3207.jpg,Sawakni,1.0,train
0c0e1701.jpg,Goat,1.0,train
2746da34.jpg,Naeimi,1.0,train
3973ebfd.jpg,Sawakni,1.0,train
77f119e5.jpg,Naeimi,1.0,train
469a717b.jpg,Roman,1.0,train
297a9cd1.jpg,Goat,1.0,train
1756b55b.jpg,Najdi,1.0,train
b7924ed5.jpg,Naeimi,1.0,train
669de986.jpg,Naeimi,1.0,train
77aa262d.jpg,Goat,1.0,train
7be4ae24.jpg,Sawakni,1.0,train
996715f1.jpg,Sawakni,1.0,train
3da2ecdb.jpg,Sawakni,1.0,train
de513c6d.jpg,Najdi,1.0,train
e508d376.jpg,Najdi,1.0,train
049825dc.jpg,Naeimi,1.0,train
e48899e5.jpg,Naeimi,1.0,train
8f5aeb04.jpg,Naeimi,1.0,train
8e99b59b.jpg,Naeimi,1.0,train
18755cc0.jpg,Goat,1.0,train
d4e8a507.jpg,Goat,1.0,train
3b145e9e.jpg,Najdi,1.0,train
b95c94a0.jpg,Roman,1.0,train
b414a495.jpg,Naeimi,1.0,train
f7b346f6.jpg,Harri,1.0,train
57fb195d.jpg,Naeimi,1.0,train
285536ed.jpg,Sawakni,1.0,train
2aa24697.jpg,Roman,1.0,train
7f41427d.jpg,Sawakni,1.0,train
d699870a.jpg,Sawakni,1.0,train
90db9cde.jpg,Naeimi,1.0,train
7f8212b1.jpg,Goat,1.0,train
cac251fa.jpg,Najdi,1.0,train
23846f27.jpg,Roman,1.0,train
ac79b4b9.jpg,Najdi,1.0,train
6357c0cd.jpg,Harri,1.0,train
7db4f5df.jpg,Najdi,1.0,train
0048b660.jpg,Naeimi,1.0,train
3c1201a8.jpg,Harri,1.0,train
5ea26726.jpg,Sawakni,1.0,train
10cccf68.jpg,Naeimi,1.0,train
2aa1b4f6.jpg,Naeimi,1.0,train
b1ab78c6.jpg,Naeimi,1.0,train
609ed957.jpg,Goat,1.0,train
e8698a7c.jpg,Naeimi,1.0,train
a80dcda7.jpg,Goat,1.0,train
3e2674ab.jpg,Sawakni,1.0,train
c12001fc.jpg,Roman,1.0,train
f1df8bb8.jpg,Roman,1.0,train
4c2cce69.jpg,Harri,1.0,train
93e60927.jpg,Naeimi,1.0,train
eac8fd5f.jpg,Naeimi,1.0,train
9ce8830b.jpg,Naeimi,1.0,train
5c1dd79e.jpg,Goat,1.0,train
d3275588.jpg,Naeimi,1.0,train
f1efa9c7.jpg,Naeimi,1.0,train
ce711277.jpg,Naeimi,1.0,train
8b267773.jpg,Roman,1.0,train
259bd676.jpg,Naeimi,1.0,train
b173b273.jpg,Sawakni,1.0,train
1332731a.jpg,Naeimi,1.0,train
25d3aa13.jpg,Barbari,1.0,train
3e896e52.jpg,Sawakni,1.0,train
70ff9557.jpg,Naeimi,1.0,train
0e426e59.jpg,Naeimi,1.0,train
f5252ef0.jpg,Najdi,1.0,train
954cabf8.jpg,Naeimi,1.0,train
9496d7e4.jpg,Najdi,1.0,train
18280129.jpg,Naeimi,1.0,train
a08bb910.jpg,Naeimi,1.0,train
48abcef4.jpg,Naeimi,1.0,train
b6460a43.jpg,Barbari,1.0,train
31547620.jpg,Roman,1.0,train
68cd2879.jpg,Harri,1.0,train
a3027a27.jpg,Najdi,1.0,train
29350723.jpg,Harri,1.0,train
b1352ec1.jpg,Sawakni,1.0,train
dece6980.jpg,Naeimi,1.0,train
7ea4b2ed.jpg,Harri,1.0,train
70ccc528.jpg,Sawakni,1.0,train
7ae5ee74.jpg,Roman,1.0,train
faa7d3a4.jpg,Goat,1.0,train
bd1c884d.jpg,Naeimi,1.0,train
49572217.jpg,Goat,1.0,train
6c21436d.jpg,Sawakni,1.0,train
f3e45cf4.jpg,Barbari,1.0,train
984bcd71.jpg,Najdi,1.0,train
1e4ed56b.jpg,Goat,1.0,train
902f6f61.jpg,Naeimi,1.0,train
12d78b04.jpg,Najdi,1.0,train
8b05f03c.jpg,Naeimi,1.0,train
71795772.jpg,Harri,1.0,train
a86b0bd1.jpg,Naeimi,1.0,train
098795d6.jpg,Roman,1.0,train
2666132b.jpg,Goat,1.0,train
afcdb7a5.jpg,Naeimi,1.0,train
f3874874.jpg,Goat,1.0,train
f172c962.jpg,Naeimi,1.0,train
22d5ffa1.jpg,Naeimi,1.0,train
27fbc1f6.jpg,Goat,1.0,train
58faac97.jpg,Roman,1.0,train
47571ae7.jpg,Naeimi,1.0,train
f4b12215.jpg,Naeimi,1.0,train
9acb5ed6.jpg,Sawakni,1.0,train
0527d3b1.jpg,Barbari,1.0,train
c739a71f.jpg,Goat,1.0,train
1b83bb45.jpg,Goat,1.0,train
bd37240d.jpg,Naeimi,1.0,train
ed4d1636.jpg,Naeimi,1.0,train
471c14ef.jpg,Harri,1.0,train
d7924b87.jpg,Naeimi,1.0,train
543e4c57.jpg,Roman,1.0,train
9d385b7e.jpg,Naeimi,1.0,train
f6ae72ee.jpg,Roman,1.0,train
42355e13.jpg,Naeimi,1.0,train
cfd24304.jpg,Goat,1.0,train
7f147a62.jpg,Goat,1.0,train
e2127ded.jpg,Najdi,1.0,train
b71b41f6.jpg,Naeimi,1.0,train
681f43d5.jpg,Naeimi,1.0,train
175bc972.jpg,Najdi,1.0,train
1e8d0df1.jpg,Goat,1.0,train
9c7e3ca1.jpg,Najdi,1.0,train
679e665c.jpg,Najdi,1.0,train
5c8f103d.jpg,Goat,1.0,train
1d7d09bb.jpg,Naeimi,1.0,train
ee1e632f.jpg,Naeimi,1.0,train
963d7b92.jpg,Sawakni,1.0,train
ab1edae9.jpg,Najdi,1.0,train
d0e366ad.jpg,Harri,1.0,train
6a17f0c5.jpg,Goat,1.0,train
57ede5f4.jpg,Sawakni,1.0,train
9be726af.jpg,Harri,1.0,train
bb0412a4.jpg,Roman,1.0,train
e37b42ce.jpg,Naeimi,1.0,train
e3c3f6d1.jpg,Goat,1.0,train
2755d923.jpg,Naeimi,1.0,train
bc72fa2f.jpg,Sawakni,1.0,train
c2158216.jpg,Sawakni,1.0,train
29a239ce.jpg,Goat,1.0,train
c7055aab.jpg,Sawakni,1.0,train
346cb317.jpg,Naeimi,1.0,train
26a0c8a0.jpg,Goat,1.0,train
3c048642.jpg,Naeimi,1.0,train
ab02c8c4.jpg,Goat,1.0,train
29e74a72.jpg,Naeimi,1.0,train
9409a7b2.jpg,Sawakni,1.0,train
8e6e3e2b.jpg,Naeimi,1.0,train
ab3c689a.jpg,Naeimi,1.0,train
13618e8d.jpg,Goat,1.0,train
194ac3b0.jpg,Sawakni,1.0,train
3808d41c.jpg,Goat,1.0,train
15a016f7.jpg,Harri,1.0,train
057a4265.jpg,Goat,1.0,train
da3c0d9d.jpg,Naeimi,1.0,train
4c50357f.jpg,Naeimi,1.0,train
0f1dbdf9.jpg,Naeimi,1.0,train
8e31ff24.jpg,Goat,1.0,train
2318480a.jpg,Najdi,1.0,train
e4812908.jpg,Goat,1.0,train
339444bd.jpg,Sawakni,1.0,train
ac2187a2.jpg,Naeimi,1.0,train
74adacb6.jpg,Naeimi,1.0,train
cfa48d20.jpg,Najdi,1.0,train
6f2abae1.jpg,Naeimi,1.0,train
e417d09a.jpg,Najdi,1.0,train
3261950f.jpg,Naeimi,1.0,train
00e2f43f.jpg,Goat,1.0,train
de1d5a0c.jpg,Naeimi,1.0,train
9029b83c.jpg,Barbari,1.0,train
ef84e17c.jpg,Naeimi,1.0,train
9173052b.jpg,Harri,1.0,train
c78f3e2a.jpg,Naeimi,1.0,train
eec8b01e.jpg,Sawakni,1.0,train
2c0ea8a4.jpg,Naeimi,1.0,train
fc48f9e0.jpg,Goat,1.0,train
4baa1e02.jpg,Naeimi,1.0,train
8c0907bc.jpg,Naeimi,1.0,train
f47dfc80.jpg,Najdi,1.0,train
0306fa89.jpg,Barbari,0.99392396,pseudo
0345e3ca.jpg,Roman,0.97622377,pseudo
0551a473.jpg,Sawakni,0.9990015,pseudo
08b9981b.jpg,Barbari,0.96792144,pseudo
10e27bf7.jpg,Roman,0.99096525,pseudo
11bc3308.jpg,Sawakni,0.9983619,pseudo
1558450b.jpg,Najdi,0.9750055,pseudo
167094c8.jpg,Barbari,0.9973453,pseudo
16c511c0.jpg,Najdi,0.9993833,pseudo
16d11d2d.jpg,Roman,0.9793064,pseudo
175fdb7a.jpg,Barbari,0.98537266,pseudo
183485e0.jpg,Goat,0.9955208,pseudo
21f0f191.jpg,Roman,0.9955047,pseudo
2437c1aa.jpg,Roman,0.9857127,pseudo
277c7676.jpg,Sawakni,0.99544305,pseudo
27ca08cb.jpg,Barbari,0.9914671,pseudo
33b770d0.jpg,Barbari,0.99578965,pseudo
33db0590.jpg,Roman,0.9950625,pseudo
34e2f10c.jpg,Najdi,0.99163836,pseudo
3f4cd7c8.jpg,Sawakni,0.9971218,pseudo
417f9c7d.jpg,Naeimi,0.96319515,pseudo
449c69af.jpg,Harri,0.9895204,pseudo
4527e608.jpg,Najdi,0.9986019,pseudo
49c7de85.jpg,Goat,0.99132615,pseudo
4a63e293.jpg,Najdi,0.99800366,pseudo
50ce0b34.jpg,Sawakni,0.9986981,pseudo
5334f219.jpg,Goat,0.989847,pseudo
5550a0fd.jpg,Sawakni,0.9983206,pseudo
5a59b831.jpg,Roman,0.9932144,pseudo
5b376777.jpg,Goat,0.9604038,pseudo
5e5865b3.jpg,Roman,0.9969684,pseudo
6059f28e.jpg,Sawakni,0.9972496,pseudo
72c3d72f.jpg,Najdi,0.9981245,pseudo
74b88387.jpg,Goat,0.985809,pseudo
7bd8fdcb.jpg,Goat,0.9758911,pseudo
7d1844c5.jpg,Sawakni,0.99669755,pseudo
7dda15b0.jpg,Naeimi,0.9631094,pseudo
80e5adf2.jpg,Roman,0.9776839,pseudo
895567eb.jpg,Goat,0.97511214,pseudo
8bba2746.jpg,Roman,0.9706299,pseudo
8dbe2536.jpg,Roman,0.9704752,pseudo
915322c7.jpg,Najdi,0.9947941,pseudo
93982d6d.jpg,Harri,0.9869587,pseudo
97e8d52b.jpg,Goat,0.9974658,pseudo
9bcc92c8.jpg,Goat,0.9987997,pseudo
9d7898ec.jpg,Najdi,0.9632738,pseudo
9f66ec17.jpg,Goat,0.99218667,pseudo
a1c8507a.jpg,Roman,0.9913052,pseudo
a1d8a059.jpg,Najdi,0.9945534,pseudo
a4263cc6.jpg,Naeimi,0.970706,pseudo
ac05d489.jpg,Goat,0.97948724,pseudo
acc9295b.jpg,Sawakni,0.97178566,pseudo
adb8c21c.jpg,Roman,0.9888358,pseudo
afe59632.jpg,Najdi,0.99245536,pseudo
b2be18b6.jpg,Sawakni,0.9986436,pseudo
b2f1cf49.jpg,Goat,0.9663806,pseudo
b4751008.jpg,Goat,0.9916158,pseudo
b67d2ccb.jpg,Najdi,0.97412026,pseudo
bd22c104.jpg,Najdi,0.968726,pseudo
bd342842.jpg,Harri,0.98481834,pseudo
c0503460.jpg,Roman,0.98668987,pseudo
c63d696e.jpg,Najdi,0.9942249,pseudo
cb41f4d3.jpg,Roman,0.9982667,pseudo
cd147b39.jpg,Roman,0.99654305,pseudo
cf87528a.jpg,Naeimi,0.9798045,pseudo
cfb691dc.jpg,Goat,0.9891837,pseudo
d214d98e.jpg,Harri,0.9767848,pseudo
d5a8662e.jpg,Najdi,0.98101264,pseudo
d95f234b.jpg,Barbari,0.9823438,pseudo
dad481e9.jpg,Barbari,0.9851066,pseudo
dcd0ef6f.jpg,Sawakni,0.9957367,pseudo
de3bc302.jpg,Najdi,0.9986218,pseudo
de561566.jpg,Goat,0.9967166,pseudo
deecae2a.jpg,Goat,0.988879,pseudo
ed9f6250.jpg,Naeimi,0.9840393,pseudo
f15e7311.jpg,Goat,0.97067654,pseudo
f3baa5d2.jpg,Barbari,0.9770257,pseudo
f3e7b1fe.jpg,Roman,0.99380815,pseudo
faadf33d.jpg,Roman,0.9959568,pseudo
163f0957.jpg,Harri,0.9,cluster
18a45994.jpg,Harri,0.9,cluster
2ebc35e2.jpg,Harri,0.9,cluster
30503f9d.jpg,Harri,0.9,cluster
47385f1a.jpg,Harri,0.9,cluster
a03784d5.jpg,Harri,0.9,cluster
bb126871.jpg,Harri,0.9,cluster
d72ea4f1.jpg,Harri,0.9,cluster
0cfc6a1e.jpg,Goat,0.9,cluster
3b138401.jpg,Goat,0.9,cluster
ac78a48d.jpg,Goat,0.9,cluster
b4bedb08.jpg,Goat,0.9,cluster
100bd43a.jpg,Roman,0.9,cluster
34ad5737.jpg,Roman,0.9,cluster
63be3b9a.jpg,Roman,0.9,cluster
e26ccad9.jpg,Roman,0.9,cluster
1081d46a.jpg,Naeimi,0.9,cluster
226dc6ee.jpg,Naeimi,0.9,cluster
3c5436f0.jpg,Naeimi,0.9,cluster
596f77ab.jpg,Naeimi,0.9,cluster
914de5e2.jpg,Naeimi,0.9,cluster
a9ed036d.jpg,Naeimi,0.9,cluster
f080711d.jpg,Naeimi,0.9,cluster
1432d91c.jpg,Barbari,0.9,cluster
247fb4df.jpg,Najdi,0.9,cluster
b69c3ee4.jpg,Najdi,0.9,cluster
4c9138a1.jpg,Sawakni,0.9,cluster
5d3b3719.jpg,Sawakni,0.9,cluster
6d66297e.jpg,Sawakni,0.9,cluster
85fe3a81.jpg,Sawakni,0.9,cluster
a6518778.jpg,Sawakni,0.9,cluster
ab9babec.jpg,Sawakni,0.9,cluster
e8c1e128.jpg,Sawakni,0.9,cluster
ff19c491.jpg,Sawakni,0.9,cluster
